name,color,size,PY,eigen_centrality,betweenness_centrality,closeness_centrality,degree_centrality
abel_culture_2014,1,1,2014,0.006725857956228641,5.148800329523221e-4,0.5803839035309095,0.014925373134328358
acerbi_cognitive_2019,1,1,2019,0.022269009270562475,0,0.5130604159771879,0.022388059701492536
acerbi_if_2015,1,1,2015,0.4100163585995856,0.18679847595510246,0.8733417574026778,0.48507462686567165
aguirre-fernandez_cultural_2021,2,1,2021,0.005850561900887941,0.002986304191123468,0.5422687310173084,0.029850746268656716
aikenhead_toward_1997,1,1,1997,8.813033565237261e-6,0,0.07846300112456871,0
allcock_long-term_2017,3,1,2017,6.564134537457193e-7,4.119040263618577e-4,0.17981344444021322,0.014925373134328358
amati_applying_2019,4,1,2019,0.3476232414206876,0.18386365976727423,0.8692174331507699,0.41044776119402987
ambrose_paleolithic_2001,2,1,2001,0.011834203173769162,0.131706312429204,0.5995551013291175,0.08208955223880597
amick_evolving_2017,5,1,2017,0.0694472658854232,0.0013386880856760374,0.6011376653095748,0.08955223880597014
anderson_high-resolution_2013,2,1,2013,0.0016591855577741544,0,0.47871529098058335,0
arakawa_cyclical_2012,6,42,2012,0.005780612149648246,0.10863968695293996,0.48115941693761133,0.022388059701492536
araujo_vastness_2015,5,1,2015,0.05000294150800582,0.05025229121614664,0.7011381264626876,0.05223880597014925
arbib_mirror_2011,1,1,2011,0.00864476884128677,0.04561837091957574,0.6065695638681602,0.06716417910447761
arnold_archaeology_2004,6,1,2004,0.002749723288440362,0.07414272474513438,0.509162308952353,0.03731343283582089
arnold_complex_1992,6,9,1992,1.1602757011952077e-4,0.1131706312429204,0.4185808780343236,0.03731343283582089
arnold_entrenched_2016,6,7,2016,0.0017591523029393359,0.05056121923591803,0.4444665282749696,0.03731343283582089
ashmore_agency_1996,6,1,1996,3.2913526367315925e-4,0.0625064360004119,0.3143844107554022,0.04477611940298507
atkinson_cultural_2011,1,1,2011,8.718256135089161e-4,0.003913088250437648,0.38376877700607237,0.08208955223880597
atran_cultural_2005,1,1,2005,0.08287806876347055,0.11399443929564411,0.752297170400117,0.1417910447761194
baena_technical_2010,2,1,2010,0.001544326327157871,0,0.2723602767643559,0.022388059701492536
bai_yijun_5400_2017,3,5,2017,2.1868916474450015e-4,0.028730305838739572,0.3813467095529184,0.12686567164179105
bar-yosef_can_2017,2,3,2017,1.2944642406259558e-4,0.0031922562043043973,0.4089068853066078,0.007462686567164179
bar-yosef_following_2013,7,1,2013,0.00738132448697447,0.004222016270209041,0.5910022552411632,0.05223880597014925
barbujani_genetic-variation_1994,2,1,1994,5.711645223133162e-5,0,0.12084540001335994,0
barcelo_modeling_2014,8,5,2014,0.11001469015864203,0.6229018638657193,0.8417282270177414,0.2537313432835821
bartalesi_aesthetic_2019,8,2,2019,6.803886396619547e-4,0,0.4276207278220446,0
barton_agents_2012,7,5,2012,0.01299095919889779,0.07259808464627741,0.5945838915973632,0.07462686567164178
barton_artifacts_2021,7,1,2021,0.02081518818797189,0.07156832458037277,0.6560523842098183,0.09701492537313433
barton_cultural_2016,3,2,2016,2.725644042953551e-4,0.18690145196169292,0.45584169442400485,0.06716417910447761
barton_modeling_2011,7,1,2011,0.09234396314840809,0.14406343322005974,0.7838019631206687,0.208955223880597
bebber_role_2021,5,1,2021,0.04379577840141541,0.0167850890742457,0.6943365559067329,0.07462686567164178
bebber_tempered_2017,5,3,2017,0.17554765189453794,0.002986304191123468,0.6701705062619547,0.208955223880597
begossi_human-ecology_1993,1,6,1993,6.059816107797579e-4,0,0.47450741855170925,0
belfer-cohen_modernity_2010,7,1,2010,0.008441335428253455,0.01956544125218824,0.5611828771620333,0.1044776119402985
belfer-cohen_prehistoric_2020,7,3,2020,0.004044111184753393,0,0.495247494555378,0.014925373134328358
bendixen_peering_2017,1,5,2017,0.011351904773897551,0.11399443929564411,0.5354364205777079,0.05223880597014925
bentley_academic_2006,4,2,2006,0.3675053292913874,0.015240448975388735,0.7758139932057391,0.3208955223880597
bentley_cultural_2003,4,2,2003,0.5215194831757529,0.2578519205025229,0.8846843055036006,0.5970149253731343
bentley_effects_2014,5,2,2014,0.4401696995976114,0.11244979919678715,0.834526907045397,0.43283582089552236
bentley_random_2004,4,1,2004,0.5412783130372893,0.4196272268561425,0.8997716965504328,0.5447761194029851
berliner_impossible_2005,1,2,2005,8.073957536063493e-4,0.06065286788178354,0.3915175971049037,0.05223880597014925
bettinger_genes_2003,9,1,2003,0.25183304791901356,0.05970033982082175,0.7398271395652486,0.26865671641791045
bettinger_macroevolutionary_2009,4,2,2009,0.40927678134629997,0.1577592420965915,0.882498661098178,0.4925373134328358
biagetti_quantitative_2021,3,2,2021,8.168645495898638e-8,0,0.1535477226917285,0
billiard_stochasticity_2018,4,5,2018,0.5020922696391144,0.07393677273195345,0.8705293464746257,0.4925373134328358
birch_cultural_2021,1,4,2021,0.040130654286191586,0.016682113067655237,0.7076538798747601,0.12686567164179105
bisin_evolution_2017,4,3,2017,0.05086798965403154,0.19096900422201626,0.733712338645142,0.1044776119402985
boast_small_1997,4,7,1997,0.01632341548891525,0.008238080527237153,0.514824629393391,0.03731343283582089
boyer_intuitive_2011,1,7,2011,0.029969687046295265,0.1171866954999485,0.6007256718862554,0.08955223880597014
brantingham_detecting_2010,4,10,2010,0.29750299512095546,0.028369889815672948,0.799719684997278,0.2537313432835821
brantingham_unified_2007,4,2,2007,0.3984183291594369,0.07568736484399136,0.8486561674629456,0.4552238805970149
braun_introduction_2009,2,2,2009,0.010842805543620004,0.016373185047883845,0.5437204830415139,0.07462686567164178
brewer_cultural_2018,1,1,2018,0.029544686427583143,0.05571001956544125,0.6884941283694326,0.08208955223880597
briere_human_2020,8,1,2020,0.0039037766240225184,0.22469364638039338,0.5639687974996171,0.07462686567164178
broodbank_first_2007,9,3,2007,0.04982629081368988,0.056636803624755434,0.6930578953579668,0.09701492537313433
brown_synthesis_2021,8,1,2021,0.0013234508746803627,0,0.4652462817468032,0.029850746268656716
buchanan_drivers_2016,7,3,2016,0.24429373082719752,0.07079600453094428,0.8039872429720127,0.26865671641791045
buchanan_environment-induced_2017,5,5,2017,0.06884485399952522,0.007002368448151581,0.6741187567305527,0.11194029850746269
burg_introduction_2016,8,3,2016,0.031403899830922066,2.0595201318092884e-4,0.6374583547414957,0.04477611940298507
buskell_what_2017,1,2,2017,0.34803026828900707,0.31737205231181137,0.8569522190222353,0.4552238805970149
cameron_beyond_2019,9,3,2019,0.07649076761287284,0.005869632375656472,0.7117117704395192,0.11194029850746269
capocasa_between_2016,1,6,2016,0.018192302893000944,0.21316033364226136,0.6502741120741908,0.07462686567164178
carneiro_can_2004,6,1,2004,2.3675032442189468e-4,0.05282669138090825,0.4512975546815479,0.05223880597014925
cavallisforza_anthropology_1983,8,1,1983,0.05211097772963293,0.22036865410359385,0.7252952842125601,0.1417910447761194
cavallisforza_genetic_1997,2,3,1997,0.001695154638070671,0.07198022860673463,0.5161292296435386,0.03731343283582089
cegielski_rethinking_2016,8,1,2016,0.06195984993445546,0.002986304191123468,0.7294363055314014,0.08955223880597014
charlin_size_2012,7,1,2012,0.01437757554611045,0.006796416434970652,0.5811875033382565,0.06716417910447761
charlton_explaining_2010,4,3,2010,0.4519433388552508,0.16325129578141626,0.9206921885215731,0.5298507462686567
chatters_darwinian_2005,4,6,2005,0.034776042431954465,0.0074142724745134385,0.6814419328896666,0.06716417910447761
chen_early_2017,3,2,2017,1.1264234681316244e-4,0.02677376171352075,0.44491335722408504,0.014925373134328358
chernela_work_2021,6,1,2021,1.0575196200149803e-5,0.05725465966429822,0.2474306400460363,0.014925373134328358
chrisomalis_comparing_2006,6,5,2006,0.002094649749461563,0.023169601482854494,0.5264129471823552,0.05223880597014925
clarke_climatic_2016,3,2,2016,3.308933625357772e-5,0.09998970239934095,0.3183867634108066,0.07462686567164178
clarke_swashbuckling_2017,1,2,2017,0.014216246597731174,0.013077952836988982,0.5758954404521366,0.03731343283582089
clarkson_teaching_2017,5,7,2017,0.03333454239324378,0.08145402121305735,0.6963938343989329,0.08208955223880597
cochrane_another_2013,7,2,2013,0.010276262257935362,0.013798784883122233,0.5917172522364721,0.06716417910447761
cochrane_evolution_2018,4,6,2018,0.16457814393324427,0.12696941612604262,0.8259681276750189,0.1791044776119403
cochrane_plainware_2013,2,8,2013,0.003212711126332537,0.1143033673154155,0.4433848176070933,0.014925373134328358
cohen_conceptualizing_2008,1,2,2008,0.015586945367337164,0.0350118422407579,0.5463999246326847,0.07462686567164178
collard_empirical_2016,7,3,2016,0.1931219582993523,0.020698177324683348,0.7306470665277016,0.23134328358208955
collard_population_2013,7,2,2013,0.338209359419096,0.02934816187828236,0.7855288112425031,0.34328358208955223
conard_examining_2015,7,1,2015,0.10435705267189162,0.22335495829471733,0.7976453972899792,0.208955223880597
conard_what_2012,7,5,2012,0.009058074135279726,9.267840593141798e-4,0.38701277849283916,0.05970149253731343
cortell-nicolau_cultural_2020,7,3,2020,1.6979012540941908e-4,0.09607661414890331,0.3068593233052438,0.022388059701492536
cortell-nicolau_wandering_2019,7,1,2019,0.0025345144123138097,0.13150036041602306,0.3818906413477306,0.029850746268656716
coto-sarmiento_identifying_2018,4,1,2018,0.3515753200954271,0.11370267394363781,0.8240207888287903,0.417910447761194
coward_big_2008,9,6,2008,0.012470130673394256,0,0.44923697586162964,0.022388059701492536
creanza_greater_2017,7,4,2017,0.2904350744152047,0.367624343527958,0.9098411311185591,0.5
crema_approximate_2014,4,3,2014,0.7288060032658291,0.23087220677582124,0.9302426040646775,0.6791044776119403
crema_culture_2014,2,4,2014,0.2659479218586013,0.12274739985583359,0.841921192743874,0.3656716417910448
crema_revealing_2016,4,19,2016,0.4475539798192547,0.01935948923900731,0.8067131941940654,0.40298507462686567
cui_yifu_spatiotemporal_2018,3,7,2018,8.704971619389344e-5,2.0595201318092884e-4,0.3029207411283677,0.1417910447761194
currie_is_2010,2,10,2010,0.042090103062304506,0.051076099268870356,0.6265241392226912,0.15671641791044777
currie_mode_2011,1,6,2011,0.19675662654895743,0.16404077849860982,0.8248876702542408,0.27611940298507465
currie_reply_2018,6,4,2018,2.1725548808332597e-4,0.004222016270209041,0.3647692476084506,0.014925373134328358
curtis_disgust_2011,2,3,2011,0.012275624397030522,0.006693440428380187,0.5812726693989265,0.029850746268656716
da_silva_comparative_2016,2,17,2016,0.0313137001607308,0.022963649469673567,0.6371913914634161,0.08955223880597014
damlien_eastern_2016,4,2,2016,0.1080304205447886,0.009885696632684585,0.767196455764218,0.16417910447761194
davis_cultural_2007,9,5,2007,0.04281569446194659,0.007105344454742045,0.6181075183973987,0.07462686567164178
dawson_evolutionary_1999,1,1,1999,0.0010690731796976528,0.024817217588301927,0.40757924838400567,0.022388059701492536
dawson_marriage_2002,6,6,2002,4.0130004399533135e-4,0.12418906394810009,0.45689341652513216,0.014925373134328358
de_block_mating_2007,4,9,2007,0.04282814056774773,0.0013386880856760374,0.6645625819473945,0.06716417910447761
de_la_torre_transition_2014,2,1,2014,0.002353226798552868,0.01699104108742663,0.5397307155891266,0.04477611940298507
de_voogt_navigating_2016,4,1,2016,0.5508342074823325,0.23375553496035423,0.8826458319252415,0.6343283582089553
de_voogt_production_2015,4,4,2015,0.38789398701779604,0.07115642055401092,0.8010439763238814,0.417910447761194
dean_human_2014,1,9,2014,0.17079983949400737,0.04057254659664298,0.8102704594576974,0.26865671641791045
deblasis_new_2010,6,1,2010,2.8898087185213076e-5,0.001956544125218824,0.29019507252500076,0.007462686567164179
denning_ten_2011,6,1,2011,3.898740143747495e-6,0.05725465966429822,0.22821026347111542,0.007462686567164179
derex_cumulative_2020,7,2,2020,0.44736245736234076,0.08547008547008547,0.8523236654008673,0.4626865671641791
derrico_additional_2009,7,1,2009,0.012558947719867245,0.11224384718360622,0.5405855473855388,0.14925373134328357
derrico_identifying_2017,7,13,2017,0.04231763008231912,0.18051693955308412,0.6856691136957511,0.15671641791044777
derrico_tephra_2015,7,5,2015,0.002496183641952131,0,0.42943756226340746,0.022388059701492536
dibble_major_2017,7,12,2017,0.011713371462868154,0,0.5401404249869491,0.022388059701492536
donald_precis_1993,7,8,1993,6.457166022081773e-5,0,0.3825955162345685,0
dong_mid-holocene_2012,3,10,2012,1.738351457692925e-4,0.2280918545978787,0.4395266447690144,0.12686567164179105
dong_spatiotemporal_2013,3,1,2013,6.314667846154175e-4,0.18860055607043558,0.4498915807961251,0.1865671641791045
dorland_touch_2018,5,1,2018,0.054114152750299,0.0017505921120378953,0.6858253106834399,0.05223880597014925
dow_stagnation_2011,7,11,2011,0.02207854561440215,0.05262073936772732,0.7160978758691909,0.05970149253731343
downey_all_2014,4,14,2014,0.016127412488459753,0.030583873957367932,0.612134307673123,0.05223880597014925
drennan_patterned_2006,6,20,2006,1.5337740805220656e-4,0,0.35298399225979155,0.014925373134328358
drost_toy_2018,5,3,2018,0.057590061961601116,0.00792915250746576,0.70473491153338,0.06716417910447761
edinborough_radiocarbon_2017,8,12,2017,0.006698875100067192,0.09020698177324683,0.5836867450013538,0.08208955223880597
eerkens_cultural_2005,4,3,2005,0.5556404655412348,0.18072289156626506,0.903210046868297,0.6044776119402985
eerkens_cultural_2007,4,30,2007,0.6064801366764975,0.10153434249819791,0.8896364458606857,0.6567164179104478
eerkens_evolution_2017,4,31,2017,0.016448798543892883,0,0.5489193918176283,0.007462686567164179
eldredge_foreword_2006,4,27,2006,0.23576064071891942,0.06765523632993513,0.8094372627660043,0.3582089552238806
ellis_ecology_2015,1,3,2015,0.24650568323083805,0.12521882401400475,0.8739378243442265,0.34328358208955223
eren_social_2015,5,1,2015,0.2772302591307812,0.02162496138399753,0.7781462079606796,0.2835820895522388
eriksson_pottery_2012,6,2,2012,0.009975281401934922,0.013318230185700067,0.6279776069652523,0.022388059701492536
fabrega_earliest_1997,1,4,1997,4.852582280127479e-4,0,0.33527558017461767,0
fahy_learning_2019,1,4,2019,2.834191625518943e-4,0.13304500051488002,0.35654515740331244,0.029850746268656716
fedele_timescales_2008,7,19,2008,0.007816167930787982,0.0749665327978581,0.621188036901299,0.08955223880597014
fitch_genes_2011,1,18,2011,0.0038346950131560487,0.07115642055401092,0.5408568359131537,0.05970149253731343
fogarty_cultural_2015,7,3,2015,0.37720645144545417,0.11759859952631037,0.8910941821945797,0.4701492537313433
fort_demic_2015,8,5,2015,0.008912072248254913,0.010194624652455977,0.5563620944519945,0.06716417910447761
fort_estimating_2018,8,6,2018,0.007397746286517109,0.007311296467922974,0.5565834810138007,0.05970149253731343
fort_synthesis_2012,8,2,2012,0.01613718874060581,0.018020801153331274,0.610844215291682,0.07462686567164178
forth_living_2018,1,4,2018,0.002840954318161286,0.0068993924415611165,0.5040356911902699,0.04477611940298507
fracchia_does_1999,4,6,1999,0.027459351144724725,0.06868499639583978,0.7007383287784408,0.05970149253731343
freeman_radiocarbon_2021,8,7,2021,0.0015888783561110367,0.06075584388837401,0.4328590768666721,0.05223880597014925
french_demography_2015,7,8,2015,0.1310171550599826,0.6541035938626301,0.821624756330508,0.26865671641791045
french_demography_2016,7,22,2016,0.19010352552365753,0.10771290289362578,0.8462299120663953,0.3283582089552239
funnell_search_1981,1,11,1981,3.3138702608739612e-6,0,0.22389489129683063,0.007462686567164179
gabora_cultural_2008,4,3,2008,0.07880118550374839,0.0884049016579137,0.7854716701855339,0.12686567164179105
gabora_model_2020,7,11,2020,0.0010995182161695352,0.0020595201318092883,0.5042939399302967,0.007462686567164179
gallagher_transition_2015,3,12,2015,3.639689730561809e-4,6.178560395427865e-4,0.486188132228829,0.007462686567164179
gallello_analysis_2021,7,2,2021,3.839376774552876e-5,0.07898259705488621,0.2219699152765897,0.022388059701492536
gamble_time_2011,9,2,2011,0.017944049443769795,0.05725465966429822,0.36388113893082275,0.029850746268656716
gandon_assessing_2020,9,1,2020,0.0019640354298087965,0.0030892801977139327,0.4167103350035803,0.03731343283582089
gandon_traditional_2020,9,1,2020,0.01785870008379595,0.007620224487694368,0.5950396612256893,0.07462686567164178
garcia-rivero_ecological_2019,7,21,2019,5.319684173303223e-8,0,0,0
garcia-rivero_exceptional_2020,7,2,2020,2.7762112214777183e-6,0.05725465966429822,0.17763504305429392,0.014925373134328358
garvey_current_2018,5,1,2018,0.5945118348288553,0.11852538358562455,0.9102280098353175,0.6044776119402985
gautney_new_2015,8,4,2015,0.10498515432476047,0.47976521470497374,0.8484075259851147,0.20149253731343283
gayo_timing_2015,8,13,2015,0.01731592274563764,0.004016064257028112,0.6176119429852017,0.08955223880597014
gibson_applying_2015,2,1,2015,0.002872022495662154,0.023375553496035425,0.3650531497368309,0.029850746268656716
gilgenmann_evolutionary_2018,1,12,2018,0.03252084032016452,0.10081351045206467,0.605676317904481,0.08955223880597014
gilpin_ecocultural_2016,7,8,2016,0.2165492594484105,0.08320461332509525,0.7926383417871476,0.2835820895522388
goebel_prehistoric_2021,8,28,2021,1.2696971531381027e-4,0,0.40872418029120855,0
gong_multidisciplinary_2013,1,3,2013,5.518483267373726e-5,0,0.3062588063131212,0
gray_language_2011,2,4,2011,0.006704168637944474,0.0018535681186283596,0.44254516310144004,0.04477611940298507
greenbaum_was_2019,7,3,2019,0.08181961815811589,0.19297703635053032,0.7698078056889435,0.208955223880597
greenhill_does_2009,2,6,2009,0.044235599086630155,0.010812480691998765,0.6580941059028945,0.14925373134328357
griffiths_theoretical_2008,1,6,2008,0.10989362530168671,0.023169601482854494,0.7448163732230432,0.12686567164179105
grove_hunter-gatherers_2018,7,9,2018,0.07036648667715695,8.238080527237154e-4,0.7395359047364891,0.12686567164179105
grove_population_2016,7,30,2016,0.14457252913293953,0.04541241890639481,0.7688258056753781,0.2462686567164179
guillo_does_2012,1,10,2012,0.12291311022099793,0.24014004736896302,0.8025663223486693,0.2835820895522388
gumerman_evolution_2003,4,9,2003,0.2096705163241732,0.19282257234064462,0.8953483145622085,0.3283582089552239
guo_palaeo-earthquake_2016,3,8,2016,1.7387503443136725e-4,0.02121305735763567,0.3949124205771621,0.09701492537313433
hagen_adoption_2020,4,3,2020,0.27579653295510337,0.04592729893934713,0.781202331819733,0.34328358208955223
haidle_nature_2015,1,90,2015,0.03857949985644654,0.051076099268870356,0.7082108193486814,0.12686567164179105
hamilton_accumulation_2009,4,8,2009,0.3756996031318147,0.06806714035629698,0.8482369377217324,0.4253731343283582
hamilton_spatiotemporal_2019,5,14,2019,0.19037166500932937,0.13036762434352797,0.8143198200119306,0.26119402985074625
hart_pottery_2009,9,3,2009,0.012452497453295026,0.05725465966429822,0.5105955600398434,0.03731343283582089
hartigan_knowing_2021,1,30,2021,2.3126695520133583e-4,0.03892493049119555,0.35023672018129764,0.014925373134328358
harush_toward_2021,9,8,2021,0.029574838935203313,0.02028627329832149,0.6628309103310116,0.09701492537313433
hashemi_investigation_2021,5,22,2021,0.006216433159377762,0.05725465966429822,0.5207654019440212,0.029850746268656716
hays_theological_2017,1,1,2017,0.02615075019167293,0.18999073215940684,0.656334422187183,0.11194029850746269
he_cultural_2020,3,3,2020,2.312732619727779e-6,0,0.23879948704061874,0
henrich_big_2015,1,5,2015,0.0933485834227148,0.1192462156317578,0.7600729414018269,0.12686567164179105
henrich_cultural_2004,4,4,2004,0.18438919848129878,0.008032128514056224,0.741034452383563,0.2462686567164179
hermann_pofatu_2020,2,5,2020,5.3670574764312736e-5,0.05725465966429822,0.22715088011895573,0.007462686567164179
heyes_new_2012,1,27,2012,5.930786710906162e-4,2.0595201318092884e-4,0.3788048668656942,0.007462686567164179
hodder_human-thing_2011,10,13,2011,0.003252634114624924,0.05725465966429822,0.5645374727462131,0.007462686567164179
holden_sexual_1999,2,17,1999,0.002317541671402663,8.238080527237154e-4,0.4287182222198166,0.014925373134328358
holden_spread_2003,2,13,2003,0.03553779479922937,0.030171969931006074,0.6083848503686825,0.13432835820895522
homsher_amorite_2017,3,10,2017,1.5097345791753774e-6,4.119040263618577e-4,0.23090482583473693,0.04477611940298507
hong_cultural_2021,1,10,2021,0.02369847561616801,0.08958912573370405,0.6606427739049081,0.06716417910447761
hosner_spatiotemporal_2016,3,61,2016,1.7225960536953753e-4,0.10462362269591186,0.4145783221668721,0.11940298507462686
hovers_expansion_2021,2,5,2021,1.9028757065985864e-4,0,0.3625549839913224,0.007462686567164179
hoyer_empirical_2018,6,6,2018,0.005906046884604787,0.058799299763155184,0.5735440452331544,0.022388059701492536
hrotic_evolution_2014,1,8,2014,0.004881271844367012,0.005251776336113685,0.5151547079350316,0.06716417910447761
ihara_spread_2008,4,10,2008,0.2473067833526909,0.31088456389661207,0.9152507664828079,0.4253731343283582
iovita_operationalizing_2021,1,26,2021,0.006301990021956039,0.012151168777674802,0.560637503736356,0.04477611940298507
isaksson_novel_2015,4,30,2015,0.008998948461209999,3.0892801977139327e-4,0.5844680397656169,0.014925373134328358
isern_modeling_2017,8,26,2017,0.00638693674625533,0.15261044176706828,0.4864527523206335,0.05223880597014925
jeffares_genes_2005,9,24,2005,0.25183304791901356,0.05970033982082175,0.7398271395652486,0.26865671641791045
jolie_technology_2014,9,25,2014,0.08126854019332397,0.10359386263000721,0.7311827675176897,0.17164179104477612
jordan_evolutionary_2013,2,2,2013,0.013255891792777781,0.06755226032334466,0.6053256767081939,0.08208955223880597
jordan_matrilocal_2009,2,4,2009,0.019811623090140815,0,0.5491940097034739,0.09701492537313433
juan_muscio_archaeological_2013,11,2,2013,9.759055788762171e-4,0.002162496138399753,0.29619483531045837,0.014925373134328358
juan_muscio_modelling_2012,11,10,2012,0.034651544606099434,0.08639686952939965,0.7300275838273014,0.05970149253731343
juleff_technology_2009,9,14,2009,0.11617975756357038,0.040366594583462055,0.7146791559071788,0.12686567164179105
kadowaki_lithic_2019,7,47,2019,0.005216636294733291,0.043867778807537845,0.463618587780091,0.022388059701492536
kaniewski_middle_2008,3,14,2008,3.700316021376925e-5,0.052105859334775,0.28543632801517804,0.14925373134328357
kantner_implications_2010,9,8,2010,0.10710445549214419,0.17330861909175163,0.7676754773135956,0.15671641791044777
kapitany_ritual_2020,1,13,2020,4.673623511555211e-4,0.054577283492946146,0.43775024643718047,0.03731343283582089
kardulias_archaeology_2008,6,2,2008,0.004471833235029039,0.07331891669241067,0.599835076451474,0.014925373134328358
kavanagh_drivers_2021,9,45,2021,0.0017154676575996623,0,0.5298932337338724,0
keegan_west_2000,6,3,2000,3.190479144058184e-6,0.05725465966429822,0.13713643533434872,0.007462686567164179
kennett_competitive_2000,6,51,2000,1.0785585454333889e-4,0.001235712079085573,0.17528793798633455,0.022388059701492536
kirch_evolution_1990,2,2,1990,6.516744320266412e-7,0,0.12383183505895853,0
kirmayer_commentary_2001,1,11,2001,5.823414295472606e-4,0,0.27764402138432387,0
kline_population_2010,7,18,2010,0.26000459904200457,0.04350736278447122,0.8473924336666844,0.34328358208955223
kline_teaching_2013,1,8,2013,0.1421794948212859,0.08469776542065699,0.7808288166426071,0.2462686567164179
kohler_coevolution_2012,6,3,2012,6.849214640921124e-4,4.119040263618577e-4,0.4743894948018108,0.007462686567164179
kohler_vessels_2004,4,1,2004,0.38458178158012496,0.18164967562557924,0.8125423200844815,0.3656716417910448
kolipakam_bayesian_2018,2,13,2018,0.002619508988138587,0.0013386880856760374,0.456610289842127,0.029850746268656716
kolodny_evolution_2015,7,48,2015,0.30627171059838354,0.08341056533827618,0.8483187323740672,0.3805970149253731
kolodny_evolution_2018,1,63,2018,3.5886427644336475e-4,7.20832046133251e-4,0.43477533911806165,0.014925373134328358
kressing_lateral_2016,1,18,2016,0.0031435388209321165,0.014725568942436412,0.53111302687519,0.022388059701492536
krsiak_human_2006,9,22,2006,0.046185396476564125,0.08608794150962826,0.7131210275798648,0.08955223880597014
kuhn_alternative_2013,7,9,2013,0.004425800383421228,0.014004736896303162,0.459080569259061,0.029850746268656716
kuman_fauresmith_2020,2,23,2020,4.366932537925033e-4,0.019977345278550097,0.45793533731305375,0.029850746268656716
lake_trends_2014,8,18,2014,0.05409010613513996,0.1459170013386881,0.7024884413946011,0.09701492537313433
lam_everything_2014,5,30,2014,0.19753525798908955,0.07465760477808671,0.7631143551301225,0.1865671641791045
langley_behavioural_2008,7,22,2008,0.0018447542184479697,0.013283904850169911,0.5036527226256629,0.05223880597014925
langley_playing_2020,7,5,2020,4.29046314575968e-4,2.0595201318092884e-4,0.4082458606282838,0.007462686567164179
langlie_building_2018,6,23,2018,2.3698358085919554e-8,0,0.15493459748057944,0
laor_evolution_2013,1,14,2013,0.37291669292862917,0.6443208732365359,0.9488601255790055,0.6044776119402985
larsen_evolution_2011,2,15,2011,0.027967435972345894,0.07712902893625785,0.643146838890875,0.11194029850746269
laskar_impact_2021,3,8,2021,1.9291401075598465e-5,0.025435073627844713,0.29140633859152454,0.11940298507462686
lawson_no_2015,2,13,2015,2.4237759178174283e-4,1.0297600659046442e-4,0.2638671881714327,0.007462686567164179
lee_late-occurring_2017,2,24,2017,0.03668667914036954,0.024302337555349603,0.6086886088667895,0.08208955223880597
legare_ritual_2020,1,25,2020,0.001489752451636736,5.148800329523221e-4,0.4399577823907805,0.022388059701492536
lehman_ecology_2021,8,16,2021,1.749988392284882e-5,0,0.27959585564213185,0
leonti_future_2011,8,49,2011,7.407163713428262e-4,0,0.40862792678638443,0
lewens_human_2017,1,1,2017,0.24102455429126207,0.14282772114097414,0.8126062344603296,0.3656716417910448
li_human_2017,3,2,2017,2.214484596313276e-4,0.05725465966429822,0.3756736256947217,0.13432835820895522
li_human_2021,3,5,2021,4.902099080512667e-5,0.02100710534445474,0.299173241181131,0.1417910447761194
li_mapping_2021,3,2,2021,1.9240689871733504e-4,3.0892801977139327e-4,0.4286528237982958,0.14925373134328357
li_population_2015,3,4,2015,0.010200237969584901,1,0.6268821329801234,0.1791044776119403
li_spatial_2021,3,1,2021,6.955820135175836e-5,0.035526722273710225,0.32750259433525225,0.17164179104477612
lind_dating_2013,7,3,2013,0.014856572907738758,0.014313664916074555,0.6370741777630112,0.08955223880597014
lipo_stylistic_2010,4,3,2010,0.2592005673657737,0.012382864792503346,0.7868661983343379,0.2835820895522388
lipo_theoretically-sufficient_2015,4,6,2015,0.1701672170428581,0.017608897126969416,0.7642873154635182,0.22388059701492538
little_how_2016,1,23,2016,0.002121594146750197,1.0297600659046442e-4,0.5086911670830593,0.007462686567164179
livni_testing_2017,7,1,2017,0.03303243947544967,8.238080527237154e-4,0.6898110710791019,0.04477611940298507
lopez_macro-regional_2020,11,1,2020,7.813453911698953e-4,0,0.3375220992640224,0.014925373134328358
luncz_primate_2015,1,4,2015,0.009788740796238645,0,0.47010951579206217,0.04477611940298507
lundstrom_demographic_2021,7,17,2021,0.24477544489075667,0.03470291422098651,0.8308716148981314,0.35074626865671643
lycett_acheulean_2008,2,26,2008,0.18253052583445822,0.13881165688394603,0.8120774613516835,0.2537313432835821
lycett_are_2009,2,62,2009,0.16961646348599582,0.042529090721861805,0.731725400230525,0.22388059701492538
lycett_cladistic_2009,2,11,2009,0.11850807986136931,0.06930285243538256,0.7694437862555911,0.2537313432835821
lycett_confirmation_2019,5,23,2019,0.11382844187284331,0.0020595201318092883,0.6175648584087793,0.11940298507462686
lycett_cultural_2015,5,9,2015,0.8561783292210056,0.3244773967665534,0.9376077924603323,0.8656716417910447
lycett_cultural_2017,5,4,2017,0.07652168223327384,2.0595201318092884e-4,0.6016602523934006,0.07462686567164178
lycett_cultural_2019,5,6,2019,0.19388851651747507,0.010091648645865514,0.7498924827029704,0.208955223880597
lycett_david_2018,5,40,2018,0.6260183729822508,0.0994233343630934,0.8663978949606377,0.6716417910447762
lycett_demographic_2010,2,38,2010,0.22264267676479754,0.08989805375347544,0.8064216224954074,0.27611940298507465
lycett_factors_2016,5,6,2016,0.3925808528466383,0.059005251776336115,0.7836421254806117,0.373134328358209
lycett_levallois_2016,5,1,2016,0.12561209184434868,0.023890433528987745,0.6358355172643364,0.1865671641791045
lycett_movius_2010,2,40,2010,0.18045585114456164,0.04994336319637525,0.7625437932514879,0.208955223880597
lycett_questions_2008,2,65,2008,0.09374543733893696,0.009885696632684585,0.6605054840390435,0.13432835820895522
lycett_spatially_2020,5,19,2020,0.11144435302183775,0.006487488415199258,0.6983268375856532,0.12686567164179105
lycett_toward_2015,5,10,2015,0.6262955154995118,0.1996704767789105,0.8663506094812973,0.5970149253731343
lycett_understanding_2009,2,23,2009,0.22729552872964515,0.05117907527546082,0.7803713257263026,0.26119402985074625
lyman_archaeologys_2007,4,28,2007,0.0036474848088855617,0,0.46546553879567576,0.007462686567164179
lyman_cultural_2003,4,21,2003,0.042982829403715686,0.0016476161054474307,0.6546245327478157,0.07462686567164178
lyman_cultural_2006,4,33,2006,0.09710952703099429,0.013180928843579446,0.7265106951629656,0.15671641791044777
lyman_diversity_2009,4,19,2009,0.15954897615987024,0.009611093948443346,0.7734354176994735,0.20149253731343283
lyman_evolutionary_2006,4,4,2006,0.38473692357690215,0.08680877355576151,0.8534198817614701,0.417910447761194
lyman_goals_1998,4,78,1998,0.10511239892084712,0.03768921841210998,0.762547508492133,0.21641791044776118
lyman_graphing_2009,4,77,2009,0.07776727897773589,0.13355988054783235,0.7154682928414285,0.17164179104477612
lyman_history_2004,4,14,2004,0.0951386261023292,0.038821954484605084,0.7211576471828997,0.17164179104477612
lyman_importance_2021,4,31,2021,0.13278977863582092,0.10936051899907322,0.7467583606308335,0.208955223880597
lyman_metric_2009,4,49,2009,0.025538917868543513,0.002883328184533004,0.5633400186066363,0.03731343283582089
lyman_misunderstanding_2019,4,41,2019,0.10923890155717364,0.002677376171352075,0.7034779213744464,0.17164179104477612
lyman_variation_2008,4,1,2008,0.3397340951017827,0.12326227988878591,0.8264234130821548,0.40298507462686567
ma_animals_2021,7,1,2021,9.513520876363715e-4,0.05756358768406961,0.44926324364962295,0.029850746268656716
ma_process_2014,3,62,2014,5.744597784790787e-5,0.031768098033158276,0.2762445529053034,0.15671641791044777
maccoun_balancing_2015,4,27,2015,0.2667208462161584,0.09703772354374762,0.8726919972427857,0.35074626865671643
macdonald_evolution_2010,4,19,2010,0.0976453887158442,0.006487488415199258,0.7377885153525958,0.12686567164179105
macdonald_subsistence_1998,4,16,1998,0.002963937610186708,0,0.4924099767299291,0.007462686567164179
mace_cooperation_2013,2,39,2013,0.0028350070630139028,0.0018535681186283596,0.4757093126226859,0.029850746268656716
mace_macro-evolutionary_2011,2,59,2011,0.04316770140815309,0.015034496962207806,0.6518460324052071,0.1791044776119403
mace_phylogenetic_2005,2,64,2005,0.08850197071995648,0.146122953351869,0.7626993941839872,0.23880597014925373
maceachern_africanist_2006,7,5,2006,1.9773894255578286e-4,0,0.2899800148771379,0
mackay_coalescence_2014,7,42,2014,0.04393888320011715,0.07671712490989599,0.6493864790674175,0.12686567164179105
mackay_excavations_2020,7,6,2020,0.0023395532405606437,0.012769024817217589,0.48530005906054074,0.014925373134328358
mackay_technological_2016,7,6,2016,0.08112460723165735,0.23205643085161157,0.7860497347027948,0.1865671641791045
macleod_fords_2021,4,10,2021,0.0045687977233425095,0,0.4997903527621549,0.014925373134328358
maher_oasis_2011,3,55,2011,1.7512234703658355e-4,0.04077849860982391,0.3391136632084395,0.03731343283582089
maier_cultural_2021,7,14,2021,0.0063844100181638065,1.0297600659046442e-4,0.5018262521804413,0.014925373134328358
maiorano_quantitative_2020,4,38,2020,0.253441240435563,0.0020595201318092883,0.8027309129661647,0.23880597014925373
malinsky-buller_one_2019,7,22,2019,0.03523042695757112,0.09391411801050355,0.6836041869686884,0.12686567164179105
maloney_towards_2019,5,40,2019,0.06821393243924423,0.0068993924415611165,0.6931004887333079,0.1044776119402985
manem_modeling_2020,5,30,2020,0.35657290366050626,0.08361651735145711,0.8443191826926649,0.41044776119402987
mann_have_2016,6,3,2016,0.0021422284615473684,0.08464627741736175,0.569528260677621,0.05970149253731343
manning_demographic_2014,8,2,2014,0.001784981574303067,0.1400473689630316,0.5611089015724922,0.029850746268656716
marean_transition_2016,7,19,2016,0.05156680625976731,0.055504067552260325,0.739608606002957,0.11194029850746269
marks_what_2017,1,72,2017,6.601275366474542e-6,0.0018535681186283596,0.22729759408695782,0.014925373134328358
martinon-torres_prehistoric_2015,8,280,2015,2.818353754278319e-4,0,0.3629532687866983,0
marwick_beyond_2008,4,1,2008,0.05375841503575517,0.005457728349294614,0.7229370399530846,0.08208955223880597
maschner_genes_2003,9,6,2003,0.25183304791901356,0.05970033982082175,0.7398271395652486,0.26865671641791045
mateus_terrestrial_2012,5,58,2012,0.002096460769704769,0.05725465966429822,0.455480509479768,0.014925373134328358
matic_de-colonizing_2018,9,67,2018,8.528093796770242e-4,0,0.3403671104819668,0
matthews_testing_2011,2,14,2011,0.10397429197821875,0.011224384718360621,0.6838072500262113,0.1865671641791045
matzig_design_2021,9,2,2021,0.01610860395972326,0.002883328184533004,0.5866409884800076,0.03731343283582089
mcnabb_pole_2013,2,30,2013,5.597752163299601e-4,0.05231181134795593,0.4688295193260407,0.014925373134328358
mesoudi_cultural_2008,4,18,2008,0.9079292927071511,0.576253732880239,1,1
mesoudi_how_2009,1,26,2009,0.45139805311843456,0.23617547111523016,0.8783649885618046,0.5223880597014925
mesoudi_statistical_2012,5,15,2012,0.6755983210851573,0.21923591803109876,0.8832677249086615,0.6194029850746269
mesoudi_towards_2006,2,50,2006,0.21347238386422857,0.21408711770157554,0.8532425760101329,0.34328358208955223
mesoudi_what_2018,1,60,2018,0.22312225760853296,0.09700339820821749,0.8203949719767544,0.31343283582089554
migowski_holocene_2006,3,9,2006,2.3004794744418515e-5,0.07331891669241067,0.3249095636956497,0.08208955223880597
mika_north_2021,5,7,2021,0.10199284144112046,0.017094017094017096,0.674756034998333,0.1417910447761194
miller-atkins_time-averaging_2018,4,3,2018,0.23852674308393962,0.05565853156214602,0.828730623152834,0.29850746268656714
montes_landscape_2016,3,3,2016,0,0,0.11137366043567899,0
moore_simple_2013,7,40,2013,0.05809579108636181,0.03398208217485326,0.7424726230796951,0.12686567164179105
morgan_is_2015,6,30,2015,0.01698473085210507,0.1629080424261147,0.6585620065200495,0.08208955223880597
morin_reasons_2016,1,4,2016,0.09944607286769784,0.16404077849860982,0.75202151237586,0.23134328358208955
morita_demographic_2018,2,51,2018,0.015536959185029167,0.036762434352795796,0.5619612829107631,0.04477611940298507
morrison_typological_1996,6,35,1996,5.315719529015169e-4,0.07064154052105859,0.4387673300671759,0.007462686567164179
motes-rodrigo_method_2021,1,61,2021,0.032217586714851094,0.037792194418700444,0.6547897350965914,0.1417910447761194
muehlenbeck_origin_2020,7,13,2020,0.00601238188647422,0.11069920708474926,0.585660318616877,0.08208955223880597
mullins_role_2013,1,47,2013,0.009170696987722741,0.04098445062300484,0.6042036562195269,0.05223880597014925
munoz-garcia_games_2020,6,8,2020,7.928825796824447e-8,0,0.15309646401219976,0
munson_metaphors_2015,4,10,2015,0.004938023328787829,0,0.48077312236820996,0
muscio_andean_2019,11,4,2019,0.0028821149500385256,0.03254041808258676,0.5053222034152887,0.022388059701492536
muthukrishna_sociality_2014,7,58,2014,0.14887307344945272,0.0764081968901246,0.7550539855213143,0.23880597014925373
neff_smokescreens_2006,6,19,2006,1.332592852246662e-6,0,0.2583907371216626,0
neiman_stylistic_1995,4,43,1995,0.07464656922629959,0.12872000823808052,0.7692096075632977,0.11940298507462686
neme_archaeological_2011,8,1,2011,0.03967163512826103,3.0892801977139327e-4,0.6424646905979052,0.03731343283582089
neninger_vega_bond_2019,6,48,2019,6.466834486249448e-6,0.05725465966429822,0.23976771575975378,0.007462686567164179
nettle_ecological_2009,2,8,2009,0.011743107954932573,0.06147667593450726,0.6203177713533917,0.06716417910447761
nettle_human_2013,2,13,2013,0.010760172686305889,0.03954278653073834,0.5319040977545749,0.06716417910447761
newman_ballistically_2013,5,193,2013,0.37151743953011435,0.01652764905776954,0.7920924321625378,0.3208955223880597
nichols_understanding_2021,2,94,2021,8.203630782627644e-4,0.008032128514056224,0.4956322565401243,0.007462686567164179
nielsen_homo_2020,7,4,2020,0.002853218956553443,0.025332097621254247,0.5459216051656096,0.029850746268656716
niespolo_carbon_2020,8,12,2020,4.6020002664510875e-5,0,0.35387282364159794,0
nordin_good-death_2009,1,13,2009,0.004114074005866031,0.034393986201215115,0.537480619143618,0.05223880597014925
obrien_cladistics_2001,4,82,2001,0.06711069806883717,0.0056636803624755434,0.69219187729465,0.13432835820895522
obrien_cultural_2010,4,9,2010,0.7729228312853179,0.16229018638657192,0.8812976378385515,0.753731343283582
obrien_design_2016,5,41,2016,0.5307857322629198,0.2511584800741427,0.8846107760255625,0.6567164179104478
obrien_evolutionism_2005,4,110,2005,0.40229940360959804,0.17361754711152302,0.8784682822784161,0.5
obrien_genes_2003,10,8,2003,4.5047899085147496e-5,0,0.32648397542335017,0
obrien_more_2019,5,15,2019,0.35068166029709075,0.01627020904129338,0.7501743672975354,0.31343283582089554
obrien_setting_2019,5,121,2019,0.07346457788384944,7.20832046133251e-4,0.6326631986885015,0.09701492537313433
obrien_stimulated_2011,5,15,2011,0.7038403026386013,0.2688188652044074,0.8824885792589219,0.6865671641791045
obrien_two_2002,4,6,2002,0.11347440732580351,0.009679744619503656,0.6809272087862508,0.17164179104477612
obrien_what_2003,4,63,2003,0.21264626885345883,0.049531459170013385,0.7864210270257008,0.291044776119403
oconnor_fishhook_2017,4,2,2017,0.14083410300028126,0.020595201318092886,0.8023830348544082,0.16417910447761194
oinonen_event_2014,8,164,2014,0.005251820848626601,0.002162496138399753,0.5466265643681603,0.022388059701492536
okumura_archaeology_2019,5,67,2019,0.19096169881140596,0.301101843270518,0.796329732856587,0.27611940298507465
okumura_long-term_2014,5,38,2014,0.116595912876452,0.1256307280403666,0.7171921767641808,0.17164179104477612
otte_sedimentary_2003,8,6,2003,8.541035110728123e-5,0.030686849963958398,0.36904515887993256,0.007462686567164179
oviedo_original_2022,1,39,2022,3.031077178516428e-4,0,0.4126596365708503,0
oxman_reflections_2021,7,15,2021,0.004360905622638373,0,0.46939876510948575,0.007462686567164179
pagel_darwinian_2006,2,77,2006,0.026445304192764855,0.05385645144681289,0.6307150305428192,0.07462686567164178
pain_mind_2021,1,7,2021,0.014138363673833407,0.0056636803624755434,0.4909499459954212,0.08208955223880597
palecek_evolution_2020,1,1,2020,0.044561204867713484,0.13726701678508907,0.7111304976801267,0.14925373134328357
palecek_ontological_2021,1,2,2021,0.01106099458784686,0.0010297600659046442,0.5497050895918827,0.029850746268656716
pang_historical_2021,3,42,2021,2.5785957832405004e-6,0,0.23334730566263678,0
pardo-gordo_complex_2017,8,26,2017,0.03515012617168224,0.013386880856760375,0.6316286586079551,0.1044776119402985
pargeter_understanding_2019,5,68,2019,0.06445384118319958,0.06333024405313561,0.6789519507159095,0.17164179104477612
parkington_introduction_2013,7,74,2013,0.00538339805955441,0.0016476161054474307,0.5026741686631354,0.05970149253731343
parkinson_secondary_2007,6,13,2007,2.4289746866281575e-4,0.17269076305220885,0.4425304023207968,0.022388059701492536
pearson_genes_2005,9,25,2005,0.25183304791901356,0.05970033982082175,0.7398271395652486,0.26865671641791045
peng_in-site_2019,3,87,2019,2.5375890547235723e-4,0.00978272062609412,0.31152592017625597,0.1044776119402985
peregrine_cross-cultural_2001,6,34,2001,3.0835515459404005e-4,0.11502419936154876,0.4564390053423703,0.06716417910447761
peregrine_cross-cultural_2004,6,25,2004,3.349882968509016e-4,0.12233549582947173,0.3665282944015241,0.05970149253731343
peregrine_modeling_2007,6,1,2007,0.0028403051915500844,0.013180928843579446,0.46687333769607486,0.05970149253731343
peregrine_social_2018,3,26,2018,3.381631624671755e-4,0.3200494284831634,0.45785229493600943,0.07462686567164178
peregrine_synchrony_2006,6,37,2006,1.436253536338441e-4,0.08835341365461848,0.35109294756426057,0.04477611940298507
peregrine_universal_2004,6,10,2004,2.9934275149757225e-4,0.1481824734836783,0.40009245086933404,0.07462686567164178
perreault_mobility-driven_2011,4,9,2011,0.6158550445616943,0.42189269900113274,0.9676316559485372,0.7238805970149254
perreault_time-averaging_2018,4,14,2018,0.08157272766514839,0.059932035835650294,0.7159848997507706,0.1044776119402985
perry_what_2006,1,6,2006,0.041432244159328065,0.01256307280403666,0.7043417018456156,0.09701492537313433
peters_resilience_2017,9,3,2017,0.025490167178335146,0.27772628977448255,0.6108794681405061,0.04477611940298507
pitman_evolution_2011,6,11,2011,1.5030177256070543e-5,0.007311296467922974,0.3209133842351584,0.007462686567164179
plummer_flaked_2004,2,8,2004,0.0017535616378322304,0.0013386880856760374,0.30392176926195474,0.03731343283582089
poirot_eat_2008,1,67,2008,0.0011080543976313174,0.0031922562043043973,0.4033280590679305,0.014925373134328358
porcic_effects_2012,9,92,2012,0.15059862318453482,0.3111591665808533,0.8550104559617897,0.22388059701492538
porcic_exploring_2015,4,14,2015,1,0.29389352280918546,0.9480740086327273,0.9328358208955224
power_economic_2014,3,5,2014,1.1708390230949396e-4,0,0.3904294459738741,0.007462686567164179
premo_cultural_2016,4,18,2016,0.2927345699699321,0.3264339408917722,0.9072527464039243,0.40298507462686567
premo_effective_2016,7,18,2016,0.6859430842000551,0.20945319740500462,0.8947882995906343,0.7164179104477612
premo_local_2012,7,28,2012,0.08559733121178326,0.015755329008341055,0.7630023970473981,0.14925373134328357
premo_modeling_2010,7,45,2010,0.050639310198666784,0.14118010503552672,0.7230748502462848,0.12686567164179105
premo_reconciling_2020,5,30,2020,0.2678947113688073,0.12794768818865204,0.7761252522547993,0.29850746268656714
premo_spatial_2011,4,78,2011,0.3954623674142448,0.09690042220162702,0.8128523123785665,0.3656716417910448
prentiss_cultural_2003,4,25,2003,0.07631692400069091,0.23540315106580167,0.7975841933881909,0.15671641791044777
prentiss_cultural_2012,6,2,2012,0.022311672449735906,0.003398208217485326,0.6080054729293473,0.05970149253731343
prentiss_evolution_2015,4,29,2015,0.3898620656407104,0.042735042735042736,0.8263450943218594,0.44776119402985076
prentiss_evolution_2018,2,58,2018,0.14151871454337098,0.11378848728246319,0.7748787328490765,0.26119402985074625
prentiss_evolutionary_2020,2,39,2020,0.07548333509525666,0.07630522088353414,0.6567981979714242,0.1044776119402985
prentiss_theoretical_2021,4,23,2021,0.26233259227359784,0.5578210277005458,0.8987432582977009,0.35074626865671643
psomiadis_speleothem_2018,3,8,2018,1.5329814903758403e-5,0.12552775203377614,0.322864318588978,0.11194029850746269
purzycki_anthrotools_2017,1,14,2017,2.916492061187283e-4,0,0.28082562317241255,0.022388059701492536
purzycki_buddha_2019,1,7,2019,9.259777936925789e-4,0.0068993924415611165,0.34873244285963695,0.03731343283582089
purzycki_cognitive_2018,1,2,2018,2.994646768289291e-4,0,0.255273778859509,0.022388059701492536
purzycki_evolution_2018,1,38,2018,0.0013935227770599246,0.0037071362372567192,0.3769688129332441,0.05970149253731343
pustovoytov_early_2016,3,10,2016,3.486585030569614e-6,0,0.1881895433383159,0.06716417910447761
qu_chinese_2013,7,52,2013,0.00963982235268085,0.3700957676861291,0.639758379136735,0.12686567164179105
raab_medieval_1997,6,1,1997,6.505416370460512e-5,0,0.23571305483376578,0.014925373134328358
ranhorn_investigating_2020,7,16,2020,2.4384205986898325e-4,0,0.41048766778456097,0
rappaport_evolution_2018,6,7,2018,5.9161571366741665e-8,0,0.12165179373563681,0
rappaport_matrix_2015,7,26,2015,0.0022667799784608328,0.01956544125218824,0.486240475252404,0.022388059701492536
read_cultural_2020,7,30,2020,0.20365437634305122,0.07012666048810627,0.8171342845580972,0.26119402985074625
rezek_aggregates_2020,7,33,2020,0.07783280101691986,0.0749665327978581,0.7758204953175627,0.15671641791044777
riede_climate_2009,7,5,2009,0.07000947768524915,0.11389146328905365,0.7724659014836477,0.17164179104477612
riede_cliodynamic_2020,9,102,2020,0.009690516645227179,0.0036041602306662547,0.5756483554067008,0.03731343283582089
riede_doing_2019,9,10,2019,0.015330869284061991,0.0010297600659046442,0.4747878156030766,0.04477611940298507
riede_increasing_2008,9,3,2008,0.23636511701892068,0.02862732983214911,0.8187906807850067,0.30597014925373134
riede_reconciling_2019,9,70,2019,0.1806156598004522,0.025538049634435178,0.7495287850824223,0.2537313432835821
riede_role_2018,5,62,2018,0.033397591117359626,0.055504067552260325,0.6219623178387205,0.04477611940298507
rockman_expanding_2020,1,9,2020,0.07149958200484442,0.10791885490680671,0.7897519905307412,0.13432835820895522
rohling_of_2016,3,7,2016,3.142090690582741e-6,0.05828441973020286,0.1918849052934682,0.08208955223880597
rolland_earliest_2010,2,2,2010,6.938954816186095e-4,0,0.4263669924007695,0.022388059701492536
romano_multilevel_2020,7,58,2020,0.1791403917566196,0.06487488415199258,0.8209495694978266,0.291044776119403
romanowska_so_2015,8,37,2015,0.034615980820158744,0.06302131603336422,0.6708562363584811,0.08208955223880597
rorabaugh_hunting_2019,4,19,2019,0.3877812528438443,0.04901657913706106,0.8106164410699432,0.34328358208955223
rorabaugh_modeling_2015,4,41,2015,0.6886136136049852,0.3624755431984348,0.954098945618538,0.7089552238805971
rorabaugh_timing_2015,4,15,2015,0.048722776432133276,0.0011327360724951087,0.5387988462003084,0.05223880597014925
roscoe_new_2000,6,4,2000,4.457625888072537e-6,0,0.1762714278625034,0
rosenberg-yefet_acheulian_2021,5,14,2021,0.037572528812715764,0.035320770260529294,0.6678537390812567,0.09701492537313433
rosenswig_some_2000,6,27,2000,3.0950234495687114e-4,0.027494593759654,0.35095463600454285,0.05223880597014925
ross_frequency-dependent_2015,4,11,2015,0.08386194936307444,1.0297600659046442e-4,0.6947778361240822,0.11194029850746269
roux_ethnoarchaeology_2007,9,1,2007,0.0199417592169036,0.01585830501493152,0.5866092759782628,0.08208955223880597
sabatino_clays_2021,6,36,2021,1.8049894747172778e-8,0,0.12096013667799586,0
salvatori_disclosing_2012,4,36,2012,0.007467961306380862,0,0.5731289187336218,0
sarjeant_mental_2014,5,44,2014,0.10174897135667071,0.01791782514674081,0.7308590244171919,0.14925373134328357
savage_music_2021,1,154,2021,0.004862163831191433,0.03377613016167233,0.6081908915085362,0.029850746268656716
scanlon_study_2016,1,57,2016,0.4382784377393618,0.048398723097518276,0.8459011431969081,0.4626865671641791
schillinger_copying_2016,5,117,2016,0.42605427227198034,0.06621357223766862,0.7864525058327081,0.39552238805970147
schillinger_differences_2017,5,3,2017,0.38293685615205697,0.044897538873442486,0.7823079604558614,0.3805970149253731
schillinger_flow_2019,5,56,2019,0.12664543689473495,0,0.5830802417875218,0.1044776119402985
schillinger_impact_2015,5,13,2015,0.37685226425986923,0.18618061991555968,0.8068375746406002,0.417910447761194
schmid_evaluating_2020,4,16,2020,0.39289341133132405,0.08886829368757079,0.8602196768316746,0.4552238805970149
schmidt_approaching_2021,7,37,2021,0.01436242719987534,0.019050561219235918,0.6015746857835959,0.05970149253731343
schmidt_birch_2019,5,128,2019,0.0043179292744545865,0,0.40334003270441443,0
schmidt_holocene_2011,3,52,2011,6.61717469608683e-6,0.050458243229327564,0.2733789640674448,0.07462686567164178
schmidt_mechanical_2019,7,9,2019,0.0010995127370034216,0,0.47587839255523867,0.007462686567164179
scholnick_spatial_2012,4,345,2012,0.2961971670861742,0.13664916074554628,0.8713284905377388,0.3805970149253731
schug_birth_2014,3,64,2014,6.994489892361983e-7,0,0.18171302988582075,0.007462686567164179
schwarcz_electron-spin-resonance_1992,7,7,1992,8.948403475423378e-5,1.0297600659046442e-4,0.31334891222554595,0.007462686567164179
scott_pollen-interpreted_2018,7,88,2018,6.716498795374813e-4,0,0.3533365025156518,0
sear_evolutionary_2015,2,49,2015,0.07537631844926702,0.04098445062300484,0.7450903193224941,0.12686567164179105
sell_importance_2012,1,96,2012,1.4120988904425424e-5,0,0.28021971189596645,0
seong_emergence_2009,7,11,2009,0.013669758593449923,0.03717433837915766,0.6583301963763433,0.1044776119402985
serrand_use_2008,6,9,2008,5.0462158680574515e-9,0,0.06237294833238591,0
shaar_magnetostratigraphy_2021,2,23,2021,1.7266245007983547e-5,0,0.27522964780435716,0.007462686567164179
sharer_origins_2016,6,35,2016,1.2816573842576383e-4,0.058799299763155184,0.3954691360894002,0.029850746268656716
sharifi_abrupt_2015,3,79,2015,7.623798747723983e-6,0.01256307280403666,0.2835731565378729,0.08208955223880597
shennan_descent_2011,4,36,2011,0.8342977677784763,0.5408299866131191,0.9786676089226448,0.9104477611940298
shennan_evolution_2008,4,70,2008,0.3615060973487277,0.13963546493666976,0.8952926828552711,0.4701492537313433
shennan_isolation-by-distance_2015,2,18,2015,0.10144514518280284,0.044434146843785396,0.7541788345415275,0.1865671641791045
shennan_population_2000,4,74,2000,0.09939218077893203,0.04855318710740397,0.7929003357596692,0.19402985074626866
shi_environmental_2019,3,19,2019,9.440347872260921e-5,0.020183297291731028,0.34925671354630755,0.1791044776119403
shilton_is_2019,5,34,2019,0.001654086884037216,1.0297600659046442e-4,0.38110448982092876,0.014925373134328358
shipton_new_2019,7,47,2019,1.1942351968663643e-5,0,0.27277819948178716,0
shoaee_paleolithic_2021,5,12,2021,1.0903400083342663e-4,0,0.25943903854830963,0
siegel_continuity_2010,6,12,2010,1.5006425420597047e-4,0.1143033673154155,0.34884871002452944,0.014925373134328358
silva-gago_visual_2022,5,19,2022,0.012321107545761417,0.05725465966429822,0.5742010468875033,0.04477611940298507
simpson_sedentism_2020,6,171,2020,5.329197983959149e-4,0.023375553496035425,0.25806846512989456,0.029850746268656716
smith_agency_2013,1,37,2013,0.0606040503168387,0.13417773658737514,0.7691863514467477,0.19402985074626866
smith_archaeology_2012,4,30,2012,6.008362480278903e-4,0,0.45385401890597377,0
smith_discerning_2020,5,10,2020,0.02988157756694752,0.003810112243847184,0.5454819885351025,0.07462686567164178
smith_new_2006,6,33,2006,5.299982565284647e-6,0.11440634332200597,0.25167371267001837,0.022388059701492536
smith_origins_2018,5,125,2018,0.08765494036430266,0.0107095046854083,0.6688749973614178,0.11194029850746269
snow_mohawk_1996,9,15,1996,1.801225084938565e-4,0,0.28823113080311163,0
soriano_still_2015,7,7,2015,0.009176456493332262,0.0016476161054474307,0.36521513097528846,0.05970149253731343
spagnolo_climbing_2020,4,13,2020,9.488414185122492e-4,0,0.4468889162077504,0
spencer_evolutionary_1997,6,1,1997,0.009152354677869916,0.8293687570796004,0.6482143592614437,0.12686567164179105
spengler_niche_2021,1,107,2021,0.024475285274478224,0.043661826794356914,0.6795963906069692,0.07462686567164178
stade_theory_2020,5,73,2020,0.021724474008117937,0.037998146431881374,0.5848498687726108,0.05223880597014925
stanford_cultural_2020,1,21,2020,0.0016548701785434566,0.05952013180928844,0.49033992607568433,0.022388059701492536
stanish_origin_2001,6,48,2001,2.6412156660260897e-8,0,0.15110190390210768,0
stark_current_2003,9,64,2003,0.002728892347528428,0.0020595201318092883,0.4358022115142305,0.022388059701492536
staubwasser_holocene_2006,3,43,2006,1.5609160628557465e-5,0.014107712902893626,0.3038390001323565,0.11194029850746269
steele_ceramic_2010,4,39,2010,0.7441425548793127,0.18535681186283595,0.8863600323423027,0.6492537313432836
steele_introduction_2009,4,100,2009,0.17833391243112265,0.06101328390485017,0.8139716433165236,0.22388059701492538
sterelny_religion_2018,1,71,2018,0.002674043272287407,0.0027803521779425394,0.5125567738212915,0.014925373134328358
stevens_what_2015,4,203,2015,0.18658228000102223,0.2263412624858408,0.8253476604460582,0.27611940298507465
stewart_africa_2016,7,14,2016,0.008145661906509595,0.0010297600659046442,0.5654178061463682,0.05223880597014925
stockmann_dreaming_2001,1,19,2001,9.212317404430373e-6,0,0.2474356440169992,0
stone_biotechnology_2004,4,45,2004,0.046973148447976315,0.12336525589537638,0.6685311320495674,0.07462686567164178
stout_evolutionary_2017,1,87,2017,0.014077213695527406,0.007517248481103903,0.6031697418452348,0.08955223880597014
stout_technological_2010,2,110,2010,0.016834359325559562,0.035732674286891156,0.5941293791789206,0.07462686567164178
stout_technology_2011,1,54,2011,0.006778493456479403,0.008238080527237153,0.5353121759609334,0.05970149253731343
stuart-fox_constructing_2011,1,70,2011,0.006521114127744631,0.008238080527237153,0.5608875764455242,0.03731343283582089
suarez_human_2017,5,13,2017,3.32846614149761e-5,0,0.24144064720350425,0
suchowska-ducke_new_2018,4,2,2018,0.004355296597812262,0,0.513818746123964,0
szabo_equipment_2021,1,79,2021,0.12030655423018649,0.08665430954587582,0.8282279345695006,0.23880597014925373
tamura_quantifying_2017,7,36,2017,0.28508625546510413,0.20404695705900525,0.8835291786583437,0.43283582089552236
taylor_first_2016,9,103,2016,2.558355992989053e-4,0,0.20261972807303577,0
tehrani_towards_2008,9,63,2008,0.18746267732695523,0.04901657913706106,0.7690364624934348,0.27611940298507465
teixidor-toneu_historical_2021,2,4,2021,0.008382062250491618,0.007517248481103903,0.5391791120361061,0.05223880597014925
tennie_island_2016,1,15,2016,0.12673474558297879,0.21223354958294718,0.8015339161705426,0.3208955223880597
timpson_inferential_2015,8,10,2015,0.020408270845908336,0.2282978066110596,0.6284442364989313,0.14925373134328357
timpson_reconstructing_2014,8,7,2014,0.011868556149046767,0.12542477602718566,0.6262252035744114,0.1417910447761194
ting_indigenous_2018,5,5,2018,0.002494882530332792,0,0.4555424521396962,0
tofalvy_use_2009,1,3,2009,0.006486517398798439,0.05169395530841314,0.5352086544365829,0.03731343283582089
toffolo_10400-year-old_2017,7,16,2017,6.675481672586881e-7,0,0.08595823969040661,0
towner_cultural_2012,2,1,2012,0.09429421707389869,0.00535475234270415,0.7442420669915804,0.19402985074626866
tremayne_mid_2017,8,82,2017,0.03915283319563273,0.14916074554628772,0.7482388519858456,0.14925373134328357
tschauner_archaeological_1994,4,71,1994,0.05384448698583995,0.026670785706930284,0.7014916344538731,0.1044776119402985
tucker_do_2012,1,98,2012,0.07418069325055211,0.003398208217485326,0.7276110198007872,0.09701492537313433
turchin_quantitative_2018,6,53,2018,0.0052347450696943135,0.018020801153331274,0.37449544811363006,0.04477611940298507
tushingham_how_2021,6,72,2021,2.512394959288568e-4,0.04592729893934713,0.3716078344714107,0.007462686567164179
unsworth_anthropology_2012,4,37,2012,0.22953116513040187,0.1057906841039371,0.8016044777512662,0.29850746268656714
vaesen_cumulative_2012,1,59,2012,0.5118933869427821,0.19668417258778706,0.9273268371427381,0.6044776119402985
vaesen_modelling_2014,1,6,2014,0.47414948331484075,0.24237977551230563,0.9010155455775593,0.6044776119402985
vaesen_population_2016,7,73,2016,0.15928037926194807,0.05148800329523221,0.7050650467700776,0.19402985074626866
van_schaik_cultural_2019,1,39,2019,0.056261448298058014,0.0946349500566368,0.7364833619291808,0.13432835820895522
van_vugt_genes_2020,1,33,2020,0.001322167201754589,0.05725465966429822,0.42821721618837744,0.007462686567164179
vanhaeren_aurignacian_2006,7,2,2006,0.004931303068919951,0.015446400988569663,0.588456175754652,0.04477611940298507
velliky_early_2021,7,34,2021,0.001523698967719601,0.03480589022757698,0.5058251715910896,0.08208955223880597
wakano_ecocultural_2018,7,5,2018,0.10356668677504624,0.1224384718360622,0.773069010124132,0.208955223880597
walker_stabilization_2021,7,29,2021,0.21084215656170543,0.17959015549376994,0.7895868727875622,0.31343283582089554
wang_spatiotemporal_2021,3,124,2021,2.2670988859851623e-4,1.0297600659046442e-4,0.40325700052015817,0.14925373134328357
watkins_pleistocene_2017,1,13,2017,0.004261868459641289,0.0017505921120378953,0.5369477424197694,0.022388059701492536
waymire_neuroscience_2014,2,20,2014,1.3340358126987466e-4,0.0016476161054474307,0.41583623301032774,0.007462686567164179
weiss_kulturcrisis_2002,4,149,2002,0.03474109643279042,0.1991555967459582,0.6574035712609267,0.08955223880597014
wengrow_cognition_2011,1,8,2011,0.0026500712019407687,0.0022654721449902175,0.49730729610709856,0.05223880597014925
werner_middle_2017,7,1,2017,0.010959369545767674,0.005251776336113685,0.562513643186466,0.08955223880597014
whalen_casas_2001,6,129,2001,0.001445597696790002,0.15703841005045824,0.5316748837310872,0.022388059701492536
white_abstract_2013,5,1,2013,0.1461226496290338,0.034496962207805584,0.7724737654246008,0.1791044776119403
white_transmission_2009,5,7,2009,0.10104904293606398,4.119040263618577e-4,0.7014165666215085,0.08208955223880597
whitehouse_coexistence_2011,1,73,2011,3.639576002607997e-4,0.001441664092266502,0.37007306781890154,0.029850746268656716
whitehouse_jungles_1996,1,87,1996,4.0719061838797997e-4,0.0011327360724951087,0.3661378470509636,0.014925373134328358
whitehouse_seeking_2012,1,6,2012,0.005018912096909665,0.09092781381938009,0.5555405001400189,0.08208955223880597
whiten_culture_2011,1,12,2011,0.18161462051276828,0.1872103799814643,0.8599907839990917,0.30597014925373134
whiten_evolution_2009,2,143,2009,0.031879978869912146,0.07671712490989599,0.6162875035944677,0.15671641791044777
wilf_routinized_2015,4,19,2015,0.056708243302092946,0.017094017094017096,0.7062472326967736,0.08208955223880597
winkelman_cross-cultural_2021,1,72,2021,1.6543778192798403e-5,6.178560395427865e-4,0.2889084961657763,0.007462686567164179
wood_wound_2018,5,14,2018,0.009342114460845173,0.031819586036453504,0.6005380122233568,0.04477611940298507
woodbridge_impact_2014,8,50,2014,0.0031386481982167303,0.00442796828338997,0.47584508262577696,0.05223880597014925
wren_does_2015,5,4,2015,0.25963168274586373,0.04046957059005252,0.7752816216594806,0.23880597014925373
xiao_42_2019,3,31,2019,1.9692969697521835e-4,0.1273813201524045,0.4432461717745294,0.11940298507462686
xie_conservative_2021,1,81,2021,0.03354970472691356,0.08114509319328596,0.7297440119947723,0.09701492537313433
yang_copper_2017,3,12,2017,7.151442259136093e-5,0.01812377715992174,0.3259739611125387,0.11194029850746269
yang_economic_2019,3,13,2019,2.2099239344132798e-4,0.10194624652455977,0.36648027800566485,0.11940298507462686
yang_hominin_2020,2,1,2020,0.003363650438605806,0,0.41622592096710775,0.007462686567164179
yang_liu_climate_2020,3,8,2020,6.713393861816261e-5,0.004942848316342292,0.282003025543236,0.12686567164179105
yang_long-term_2021,3,262,2021,6.961005010725506e-5,0.008032128514056224,0.3173490562328572,0.13432835820895522
yi_rethinking_2016,7,297,2016,4.5749292253399065e-4,0.0032952322108948614,0.44771116887682033,0.014925373134328358
you_guest_2020,1,2,2020,0.008327171757724395,0.06765523632993513,0.5585071681297098,0.03731343283582089
yuan_yuying_cultural_2019,3,2,2019,3.064034948098551e-5,0.00978272062609412,0.3044797515911599,0.08208955223880597
zeder_neolithic_2009,3,350,2009,0.008624743727045601,0.1582741221295438,0.6318841711028261,0.05970149253731343
zeder_why_2018,1,3,2018,0.016851787583314685,0.10452064668932139,0.590983215545864,0.07462686567164178
zhang_dongju_history_2016,3,236,2016,2.7757082895346884e-4,0.004839872309751828,0.32948354473783753,0.12686567164179105
zhuang_neolithisation_2015,3,53,2015,2.6384712166009167e-4,0.05684275563793636,0.4520175577410406,0.03731343283582089
zong_multidisciplinary_2012,3,6,2012,9.439325358670746e-6,0.07084749253423953,0.2643064767070508,0.03731343283582089
zvelebil_human_2013,4,14,2013,0.30771968181995013,0.21655854185974668,0.8832065559048915,0.39552238805970147
zwissler_in_2018,1,41,2018,2.2135442846652592e-5,0,0.28882486327794016,0
zwyns_initial_2021,7,35,2021,0.10658284915145361,0.09679744619503655,0.769953646677869,0.12686567164179105
